Abbreviation;Section Name;HTML File Name;Documentation Type;Feature Names;Keywords
REF;Accessing Table Contents;REF_Features_Accessing_table_contents.html;General Description;Accessing table contents
REF;Accessing Table Information;REF_Features_accessing_table_info.html;General Description;accessing table info
REF;Arithmetic and Boolean Series Functions;REF_Function_add.html;Function Description;add
REF;Arithmetic and Boolean Series Functions;REF_Function_add.html;Function Description;sub
REF;Arithmetic and Boolean Series Functions;REF_Function_add.html;Function Description;mul
REF;Arithmetic and Boolean Series Functions;REF_Function_add.html;Function Description;div
REF;Arithmetic and Boolean Series Functions;REF_Function_add.html;Function Description;and
REF;Arithmetic and Boolean Series Functions;REF_Function_add.html;Function Description;or
REF;Arithmetic and Boolean Series Functions;REF_Function_add.html;Function Description;xor
REF;Arithmetic and Boolean Series Functions;REF_Function_add.html;Function Description;xnor
REF;Arithmetic and Boolean Series Functions;REF_Function_add.html;Function Description;;Arithmetic and Boolean Series Functions
REF;Arithmetic and Boolean Series Functions;REF_Function_add.html;Function Description;;Two parameter passing methods for series functions
REF;Arrays;REF_Features_arrays.html;General Description;arrays
REF;Arrays;REF_Features_arrays.html;General Description;;array
REF;Arrays;REF_Features_arrays.html;General Description;;arrays
REF;Basic Data Types;REF_Features_data_types.html;General Description;data types
REF;Basic Data Types;REF_Features_data_types.html;General Description;;data types
REF;Basic Data Types;REF_Features_data_types.html;General Description;;basic data types
REF;Basic Directory and File Functions;REF_Features_basic_directory_and_file_functions.html;General Description;basic directory and file functions
REF;Basic Math Functions;REF_Features_basic_math_functions.html;General Description;basic math functions
REF;Basic Math Functions;REF_Features_basic_math_functions.html;General Description;;basic math functions
REF;Basic Statistics Functions;REF_Function_average.html;Function Description;average
REF;Basic Statistics Functions;REF_Function_average.html;Function Description;average ignore zero
REF;Basic Statistics Functions;REF_Function_average.html;Function Description;average ignore blanks
REF;Basic Statistics Functions;REF_Function_average.html;Function Description;variance
REF;Basic Statistics Functions;REF_Function_average.html;Function Description;variance ignore zero
REF;Basic Statistics Functions;REF_Function_average.html;Function Description;variance ignore blanks
REF;Basic Statistics Functions;REF_Function_average.html;Function Description;deviation
REF;Basic Statistics Functions;REF_Function_average.html;Function Description;deviation ignore zero
REF;Basic Statistics Functions;REF_Function_average.html;Function Description;deviation ignore blanks
REF;Basic Statistics Functions;REF_Function_average.html;Function Description;rms
REF;Basic Statistics Functions;REF_Function_average.html;Function Description;rms ignore zero
REF;Basic Statistics Functions;REF_Function_average.html;Function Description;rms ignore blanks
REF;Basic Statistics Functions;REF_Function_average.html;Function Description;geometric mean
REF;Basic Statistics Functions;REF_Function_average.html;Function Description;geometric mean ignore zero
REF;Basic Statistics Functions;REF_Function_average.html;Function Description;geometric mean ignore blanks
REF;Basic Statistics Functions;REF_Function_average.html;Function Description;median
REF;Basic Statistics Functions;REF_Function_average.html;Function Description;median ignore zero
REF;Basic Statistics Functions;REF_Function_average.html;Function Description;product
REF;Basic Statistics Functions;REF_Function_average.html;Function Description;product ignore zero
REF;Basic Statistics Functions;REF_Function_average.html;Function Description;product ignore blanks
REF;Basic Statistics Functions;REF_Function_average.html;Function Description;sum
REF;Basic Statistics Functions;REF_Function_average.html;Function Description;parallel
REF;Basic Statistics Functions;REF_Function_average.html;Function Description;harmonic mean
REF;Basic Statistics Functions;REF_Function_average.html;Function Description;;basic statistics functions
REF;Basic Text Output Functions;REF_Function_print.html;Function Description;print
REF;Basic Text Output Functions;REF_Function_print.html;Function Description;print line
REF;Basic Text Output Functions;REF_Function_print.html;Function Description;echo
REF;Basic Text Output Functions;REF_Function_print.html;Function Description;compose
REF;Basic Text Output Functions;REF_Function_print.html;Function Description;compose line
REF;Basic Text Output Functions;REF_Function_print.html;Function Description;;output to screen
REF;Basic Text Output Functions;REF_Function_print.html;Function Description;;output to strings
REF;Basic Text Output Functions;REF_Function_print.html;Function Description;;text output
REF;Boolean to Literal Formatting;REF_Features_boolean_to_literal_conversion_and_formatting.html;General Description;boolean to literal conversion and formatting
REF;Boolean to Literal Formatting;REF_Features_boolean_to_literal_conversion_and_formatting.html;General Description;;Boolean to Literal Formatting Parameters
REF;Booleans;REF_Features_data_types_booleans.html;General Description;data types booleans
REF;Booleans;REF_Features_data_types_booleans.html;General Description;;boolean
REF;Booleans;REF_Features_data_types_booleans.html;General Description;;booleans
REF;Branches;REF_Features_Branches.html;General Description;Branches
REF;Branches;REF_Features_Branches.html;General Description;;Branches
REF;CSV File Format;REF_Features_CSV.html;General Description;CSV
REF;CSV File Format;REF_Features_CSV.html;General Description;;CSV
REF;Case Sensitivity;REF_Features_case_sensitivity.html;General Description;case sensitivity
REF;Case Sensitivity;REF_Features_case_sensitivity.html;General Description;;case sensitivity
REF;Case Sensitivity;REF_Features_case_sensitivity.html;General Description;;upper case
REF;Case Sensitivity;REF_Features_case_sensitivity.html;General Description;;lower case
REF;Character Encoding and Decoding;REF_Features_character_coding.html;General Description;character coding
REF;Checking and Processing Headers;REF_Features_Checking_headers.html;General Description;Checking headers
REF;Checking and Processing Headers;REF_Features_Checking_headers.html;General Description;Processing headers
REF;Clear screen;REF_Function_cls.html;Function Description;cls
REF;Clear screen;REF_Function_cls.html;Function Description;;clear the screen
REF;Code Pieces (Func. Param. Type);REF_Features_Code_Piece.html;General Description;Code Piece
REF;Code Pieces (Func. Param. Type);REF_Features_Code_Piece.html;General Description;;code pieces
REF;Comments;REF_Features_comments.html;General Description;comments
REF;Comments;REF_Features_comments.html;General Description;;comments
REF;Conditional Combination Functions;REF_Function_sum_if.html;Function Description;sum if
REF;Conditional Combination Functions;REF_Function_sum_if.html;Function Description;sum if any
REF;Conditional Combination Functions;REF_Function_sum_if.html;Function Description;product if
REF;Conditional Combination Functions;REF_Function_sum_if.html;Function Description;product if any
REF;Conditional Combination Functions;REF_Function_sum_if.html;Function Description;product ignore blanks if
REF;Conditional Combination Functions;REF_Function_sum_if.html;Function Description;product ignore blanks if any
REF;Conditional Combination Functions;REF_Function_sum_if.html;Function Description;product ignore zero if
REF;Conditional Combination Functions;REF_Function_sum_if.html;Function Description;product ignore zero if any
REF;Conditional Combination Functions;REF_Function_sum_if.html;Function Description;average if
REF;Conditional Combination Functions;REF_Function_sum_if.html;Function Description;average if any
REF;Conditional Combination Functions;REF_Function_sum_if.html;Function Description;average ignore blanks if
REF;Conditional Combination Functions;REF_Function_sum_if.html;Function Description;average ignore blanks if any
REF;Conditional Combination Functions;REF_Function_sum_if.html;Function Description;average ignore zero if
REF;Conditional Combination Functions;REF_Function_sum_if.html;Function Description;average ignore zero if any
REF;Conditional Combination Functions;REF_Function_sum_if.html;Function Description;rms if
REF;Conditional Combination Functions;REF_Function_sum_if.html;Function Description;rms if any
REF;Conditional Combination Functions;REF_Function_sum_if.html;Function Description;rms ignore blanks if
REF;Conditional Combination Functions;REF_Function_sum_if.html;Function Description;rms ignore blanks if any
REF;Conditional Combination Functions;REF_Function_sum_if.html;Function Description;rms ignore zero if
REF;Conditional Combination Functions;REF_Function_sum_if.html;Function Description;rms ignore zero if any
REF;Conditional Combination Functions;REF_Function_sum_if.html;Function Description;geometric mean if
REF;Conditional Combination Functions;REF_Function_sum_if.html;Function Description;geometric mean if any
REF;Conditional Combination Functions;REF_Function_sum_if.html;Function Description;geometric mean ignore blanks if
REF;Conditional Combination Functions;REF_Function_sum_if.html;Function Description;geometric mean ignore blanks if any
REF;Conditional Combination Functions;REF_Function_sum_if.html;Function Description;geometric mean ignore zero if
REF;Conditional Combination Functions;REF_Function_sum_if.html;Function Description;geometric mean ignore zero if any
REF;Conditional Combination Functions;REF_Function_sum_if.html;Function Description;harmonic mean if
REF;Conditional Combination Functions;REF_Function_sum_if.html;Function Description;harmonic mean if any
REF;Conditional Combination Functions;REF_Function_sum_if.html;Function Description;median if
REF;Conditional Combination Functions;REF_Function_sum_if.html;Function Description;median if any
REF;Conditional Combination Functions;REF_Function_sum_if.html;Function Description;median ignore zero if
REF;Conditional Combination Functions;REF_Function_sum_if.html;Function Description;median ignore zero if any
REF;Conditional Combination Functions;REF_Function_sum_if.html;Function Description;variance if
REF;Conditional Combination Functions;REF_Function_sum_if.html;Function Description;variance if any
REF;Conditional Combination Functions;REF_Function_sum_if.html;Function Description;variance ignore blanks if
REF;Conditional Combination Functions;REF_Function_sum_if.html;Function Description;variance ignore blanks if any
REF;Conditional Combination Functions;REF_Function_sum_if.html;Function Description;variance ignore zero if
REF;Conditional Combination Functions;REF_Function_sum_if.html;Function Description;variance ignore zero if any
REF;Conditional Combination Functions;REF_Function_sum_if.html;Function Description;deviation if
REF;Conditional Combination Functions;REF_Function_sum_if.html;Function Description;deviation if any
REF;Conditional Combination Functions;REF_Function_sum_if.html;Function Description;deviation ignore blanks if
REF;Conditional Combination Functions;REF_Function_sum_if.html;Function Description;deviation ignore blanks if any
REF;Conditional Combination Functions;REF_Function_sum_if.html;Function Description;deviation ignore zero if
REF;Conditional Combination Functions;REF_Function_sum_if.html;Function Description;deviation ignore zero if any
REF;Conditional Combination Functions;REF_Function_sum_if.html;Function Description;parallel if
REF;Conditional Combination Functions;REF_Function_sum_if.html;Function Description;parallel if any
REF;Conditional Combination Functions;REF_Function_sum_if.html;Function Description;count if
REF;Conditional Combination Functions;REF_Function_sum_if.html;Function Description;count if any
REF;Conditional Combination Functions;REF_Function_sum_if.html;Function Description;count ignore blanks if
REF;Conditional Combination Functions;REF_Function_sum_if.html;Function Description;count ignore blanks if any
REF;Conditional Combination Functions;REF_Function_sum_if.html;Function Description;count ignore zero if
REF;Conditional Combination Functions;REF_Function_sum_if.html;Function Description;count ignore zero if any
REF;Conditional Combination Functions;REF_Function_sum_if.html;Function Description;count ignore both if
REF;Conditional Combination Functions;REF_Function_sum_if.html;Function Description;count ignore both if any
REF;Conditional Combination Functions;REF_Function_sum_if.html;Function Description;max if
REF;Conditional Combination Functions;REF_Function_sum_if.html;Function Description;max if any
REF;Conditional Combination Functions;REF_Function_sum_if.html;Function Description;max ignore zero if
REF;Conditional Combination Functions;REF_Function_sum_if.html;Function Description;max ignore zero if any
REF;Conditional Combination Functions;REF_Function_sum_if.html;Function Description;max ignore blanks if
REF;Conditional Combination Functions;REF_Function_sum_if.html;Function Description;max ignore blanks if any
REF;Conditional Combination Functions;REF_Function_sum_if.html;Function Description;min if
REF;Conditional Combination Functions;REF_Function_sum_if.html;Function Description;min if any
REF;Conditional Combination Functions;REF_Function_sum_if.html;Function Description;min ignore zero if
REF;Conditional Combination Functions;REF_Function_sum_if.html;Function Description;min ignore zero if any
REF;Conditional Combination Functions;REF_Function_sum_if.html;Function Description;min ignore blanks if
REF;Conditional Combination Functions;REF_Function_sum_if.html;Function Description;min ignore blanks if any
REF;Conditional Combination Functions;REF_Function_sum_if.html;Function Description;max abc if
REF;Conditional Combination Functions;REF_Function_sum_if.html;Function Description;max abc if any
REF;Conditional Combination Functions;REF_Function_sum_if.html;Function Description;min abc if
REF;Conditional Combination Functions;REF_Function_sum_if.html;Function Description;min abc if any
REF;Conditional Combination Functions;REF_Function_sum_if.html;Function Description;min abc ignore blanks if
REF;Conditional Combination Functions;REF_Function_sum_if.html;Function Description;min abc ignore blanks if any
REF;Conditional Combination Functions;REF_Function_sum_if.html;Function Description;max abc ignore case if
REF;Conditional Combination Functions;REF_Function_sum_if.html;Function Description;min abc ignore case if any
REF;Conditional Combination Functions;REF_Function_sum_if.html;Function Description;min abc ignore case if
REF;Conditional Combination Functions;REF_Function_sum_if.html;Function Description;min abc ignore case if any
REF;Conditional Combination Functions;REF_Function_sum_if.html;Function Description;min abc ignore both if
REF;Conditional Combination Functions;REF_Function_sum_if.html;Function Description;min abc ignore both if any
REF;Conditional Combination Functions;REF_Function_sum_if.html;Function Description;max literal if
REF;Conditional Combination Functions;REF_Function_sum_if.html;Function Description;max literal if any
REF;Conditional Combination Functions;REF_Function_sum_if.html;Function Description;min literal if
REF;Conditional Combination Functions;REF_Function_sum_if.html;Function Description;min literal if any
REF;Conditional Combination Functions;REF_Function_sum_if.html;Function Description;min literal ignore blanks if
REF;Conditional Combination Functions;REF_Function_sum_if.html;Function Description;min literal ignore blanks if any
REF;Conditional Combination Functions;REF_Function_sum_if.html;Function Description;max literal ignore case if
REF;Conditional Combination Functions;REF_Function_sum_if.html;Function Description;min literal ignore case if any
REF;Conditional Combination Functions;REF_Function_sum_if.html;Function Description;min literal ignore case if
REF;Conditional Combination Functions;REF_Function_sum_if.html;Function Description;min literal ignore case if any
REF;Conditional Combination Functions;REF_Function_sum_if.html;Function Description;min literal ignore both if
REF;Conditional Combination Functions;REF_Function_sum_if.html;Function Description;min literal ignore both if any
REF;Conditional Combination Functions;REF_Function_sum_if.html;Function Description;max 123 if
REF;Conditional Combination Functions;REF_Function_sum_if.html;Function Description;max 123 if any
REF;Conditional Combination Functions;REF_Function_sum_if.html;Function Description;min 123 if
REF;Conditional Combination Functions;REF_Function_sum_if.html;Function Description;min 123 if any
REF;Conditional Combination Functions;REF_Function_sum_if.html;Function Description;max 123 ignore zero if
REF;Conditional Combination Functions;REF_Function_sum_if.html;Function Description;max 123 ignore zero if any
REF;Conditional Combination Functions;REF_Function_sum_if.html;Function Description;min 123 ignore zero if
REF;Conditional Combination Functions;REF_Function_sum_if.html;Function Description;min 123 ignore zero if any
REF;Conditional Combination Functions;REF_Function_sum_if.html;Function Description;max numeral if
REF;Conditional Combination Functions;REF_Function_sum_if.html;Function Description;max numeral if any
REF;Conditional Combination Functions;REF_Function_sum_if.html;Function Description;min numeral if
REF;Conditional Combination Functions;REF_Function_sum_if.html;Function Description;min numeral if any
REF;Conditional Combination Functions;REF_Function_sum_if.html;Function Description;max numeral ignore zero if
REF;Conditional Combination Functions;REF_Function_sum_if.html;Function Description;max numeral ignore zero if any
REF;Conditional Combination Functions;REF_Function_sum_if.html;Function Description;min numeral ignore zero if
REF;Conditional Combination Functions;REF_Function_sum_if.html;Function Description;min numeral ignore zero if any
REF;Conditional Combination Functions;REF_Function_sum_if.html;Function Description;join if
REF;Conditional Combination Functions;REF_Function_sum_if.html;Function Description;join if any
REF;Conditional Combination Functions;REF_Function_sum_if.html;Function Description;join ignore blanks if
REF;Conditional Combination Functions;REF_Function_sum_if.html;Function Description;join ignore blanks if any
REF;Conditional Combination Functions;REF_Function_sum_if.html;Function Description;join unique if
REF;Conditional Combination Functions;REF_Function_sum_if.html;Function Description;join if any
REF;Conditional Combination Functions;REF_Function_sum_if.html;Function Description;join unique ignore blanks if
REF;Conditional Combination Functions;REF_Function_sum_if.html;Function Description;join ignore blanks if any
REF;Conditional Combination Functions;REF_Function_sum_if.html;Function Description;;conditional combination functions
REF;Console Input / Output;REF_Features_console.html;General Description;console
REF;Console Input / Output;REF_Features_console.html;General Description;;console
REF;Control Flow Functions;REF_Features_Control_Flow_Functions.html;General Description;Control Flow Functions
REF;Control Flow Functions;REF_Features_Control_Flow_Functions.html;General Description;;Control Flow Functions
REF;Creating and Deleting Tables;REF_Features_table_creating_deleting.html;General Description;table creating deleting
REF;Cross-Functional Info;REF_Features_Cross-functional_info.html;General Description;Cross-functional info
REF;Date Functions;REF_Features_date_functions.html;General Description;date functions
REF;Date and Time Detection Rules;REF_Features_Detects_dates_correctly_in_literals.html;General Description;Detects dates correctly in literals
REF;Date and Time Detection Rules;REF_Features_Detects_dates_correctly_in_literals.html;General Description;;Date and Time Detection Rules
REF;Date and Time Functions;REF_Features_date_and_time_functions.html;General Description;date and time functions
REF;Date to Literal Formatting;REF_Features_date_to_literal_conversion_and_formatting.html;General Description;date to literal conversion and formatting
REF;Date to Literal Formatting;REF_Features_date_to_literal_conversion_and_formatting.html;General Description;;Date to Literal Formatting Parameters
REF;Dates;REF_Features_data_types_dates.html;General Description;data types dates
REF;Dates;REF_Features_data_types_dates.html;General Description;;date
REF;Dates;REF_Features_data_types_dates.html;General Description;;dates
REF;Dates;REF_Features_data_types_dates.html;General Description;;plain date
REF;Dates;REF_Features_data_types_dates.html;General Description;;plain dates
REF;Directory and File System Functions;REF_Features_directory_and_file_system.html;General Description;directory and file system
REF;Directory and File System Functions;REF_Features_directory_and_file_system.html;General Description;;short error messages on directories and files
REF;Exponential Functions;REF_Function_exp.html;Function Description;exp
REF;Exponential Functions;REF_Function_exp.html;Function Description;10p
REF;Exponential Functions;REF_Function_exp.html;Function Description;;exponential functions
REF;Expressions to Select Rows;REF_Features_Expressions_to_select_rows.html;General Description;Expressions to select rows
REF;Finance and Business Functions;REF_Features_finance_functions.html;General Description;finance functions
REF;Finance and Business Functions;REF_Features_finance_functions.html;General Description;;finance functions
REF;Finance and Business Functions;REF_Features_finance_functions.html;General Description;;business functions
REF;Function Library;REF_Features_Function_Library.html;General Description;Function Library
REF;Function Library;REF_Features_Function_Library.html;General Description;;function library
REF;Function Parameter Directions;REF_Features_Function_parameter_directions.html;General Description;Function parameter directions
REF;Function Parameter Directions;REF_Features_Function_parameter_directions.html;General Description;parameter directions
REF;Function Parameter Types;REF_Features_Function_parameter_types.html;General Description;Function parameter types
REF;Function Parameters;REF_Features_Function_Parameters.html;General Description;Function Parameters
REF;Functions and Procedures;REF_Features_Functions_and_Procedures.html;General Description;Functions and Procedures
REF;HTML Entities;REF_Features_entities.html;General Description;entities
REF;HTML Entities;REF_Features_entities.html;General Description;;entities
REF;HTML Entities;REF_Features_entities.html;General Description;;html entities
REF;Hyperbolic Functions;REF_Function_sinh.html;Function Description;sinh
REF;Hyperbolic Functions;REF_Function_sinh.html;Function Description;cosh
REF;Hyperbolic Functions;REF_Function_sinh.html;Function Description;tanh
REF;Hyperbolic Functions;REF_Function_sinh.html;Function Description;asinh
REF;Hyperbolic Functions;REF_Function_sinh.html;Function Description;acosh
REF;Hyperbolic Functions;REF_Function_sinh.html;Function Description;atanh
REF;Hyperbolic Functions;REF_Function_sinh.html;Function Description;;hyperbolic functions
REF;Identify variable forms (if structure, array, or simple);REF_Function_identify.html;Function Description;identify
REF;Identify variable forms (if structure, array, or simple);REF_Function_identify.html;Function Description;;identify variables
REF;Indirect Parameter Passing;REF_Features_Indirect_parameter_passing.html;General Description;Indirect parameter passing
REF;Interactive Mode;REF_Features_interactive.html;General Description;interactive
REF;Interactive Mode;REF_Features_interactive.html;General Description;;interactive
REF;Interactive Mode;REF_Features_interactive.html;General Description;;interactive mode
REF;Interpolation Examples Visualized;REF_Features_Interpolation_Examples.html;General Description;Interpolation Examples
REF;Interpolation Examples Visualized;REF_Features_Interpolation_Examples.html;General Description;;interpolation examples
REF;Interpolation Functions;REF_Function_linear_interpolation.html;Function Description;linear interpolation
REF;Interpolation Functions;REF_Function_linear_interpolation.html;Function Description;nearest neighbor interpolation
REF;Interpolation Functions;REF_Function_linear_interpolation.html;Function Description;nearest right neighbor interpolation
REF;Interpolation Functions;REF_Function_linear_interpolation.html;Function Description;spline interpolation
REF;Interpolation Functions;REF_Function_linear_interpolation.html;Function Description;polynomial interpolation
REF;Interpolation Functions;REF_Function_linear_interpolation.html;Function Description;;interpolation
REF;Introduction;REF_Features_introduction.html;General Description;introduction
REF;Licensing;REF_Features_licensing.html;General Description;licensing
REF;Licensing;REF_Features_licensing.html;General Description;;licensing
REF;Licensing;REF_Features_licensing.html;General Description;;unlock
REF;Linear and Exponential Regression;REF_Function_regression.html;Function Description;regression
REF;Linear and Exponential Regression;REF_Function_regression.html;Function Description;;linear regression
REF;Linear and Exponential Regression;REF_Function_regression.html;Function Description;;exponential regression
REF;Listing and Searching Directories and Files;REF_Features_listing_directories_and_files.html;General Description;listing directories and files
REF;Literal to Literal Formatting;REF_Features_literal_to_literal_conversion_and_formatting.html;General Description;literal to literal conversion and formatting
REF;Literal to Literal Formatting;REF_Features_literal_to_literal_conversion_and_formatting.html;General Description;;Literal to Literal Formatting Parameters
REF;Literals;REF_Features_data_types_literals.html;General Description;data types literals
REF;Literals;REF_Features_data_types_literals.html;General Description;;literal
REF;Literals;REF_Features_data_types_literals.html;General Description;;literals
REF;Literals;REF_Features_data_types_literals.html;General Description;;softquoted literal
REF;Literals;REF_Features_data_types_literals.html;General Description;;softquoted literals
REF;Literals;REF_Features_data_types_literals.html;General Description;;quoted literal
REF;Literals;REF_Features_data_types_literals.html;General Description;;quoted literals
REF;Literals;REF_Features_data_types_literals.html;General Description;;unquoted literal
REF;Literals;REF_Features_data_types_literals.html;General Description;;unquoted literals
REF;Literals - Extracting Substrings;REF_Features_data_types_literals_extracting_substrings.html;General Description;data types literals extracting substrings
REF;Literals - Extracting Substrings;REF_Features_data_types_literals_extracting_substrings.html;General Description;;literals extracting substrings
REF;Literals - Indexing;REF_Features_literals_indexing.html;General Description;literals indexing
REF;Literals - Indexing;REF_Features_literals_indexing.html;General Description;;literals indexing
REF;Literals - Indexing;REF_Features_literals_indexing.html;General Description;;length of literals
REF;Loading HTML files;REF_Features_Loading_HTML_files.html;General Description;Loading HTML files
REF;Loading HTML files;REF_Features_Loading_HTML_files.html;General Description;;loading HTML files
REF;Loading JSON files;REF_Features_Loading_JSON_files.html;General Description;Loading JSON files
REF;Loading JSON files;REF_Features_Loading_JSON_files.html;General Description;;loading JSON files
REF;Loading XML files;REF_Features_Loading_XML_files.html;General Description;Loading XML files
REF;Loading XML files;REF_Features_Loading_XML_files.html;General Description;;loading XML files
REF;Loading and Saving Files;REF_Features_loading_files.html;General Description;loading files
REF;Loading and Saving Files;REF_Features_loading_files.html;General Description;;loading files
REF;Loading and Saving Tables;REF_Features_Loading_and_saving_tables.html;General Description;Loading and saving tables
REF;Locales;REF_Features_Locales.html;General Description;Locales
REF;Locales;REF_Features_Locales.html;General Description;;list of Locales
REF;Locales;REF_Features_Locales.html;General Description;;locale
REF;Logarithmic Functions;REF_Function_ln.html;Function Description;ln
REF;Logarithmic Functions;REF_Function_ln.html;Function Description;log
REF;Logarithmic Functions;REF_Function_ln.html;Function Description;;logarithmic functions
REF;Loops;REF_Features_Loops.html;General Description;Loops
REF;Loops;REF_Features_Loops.html;General Description;;Loops
REF;Manipulating Directories and Files;REF_Features_deleting_directories_and_files.html;General Description;deleting directories and files
REF;Mathematics and Statistics;REF_Features_Mathematics_and_Statistics.html;General Description;Mathematics and Statistics
REF;Mathematics and Statistics;REF_Features_Mathematics_and_Statistics.html;General Description;;mathematics and statistics
REF;Matrix Functions;REF_Features_matrix_functions.html;General Description;matrix functions
REF;Matrix Functions;REF_Features_matrix_functions.html;General Description;;matrix functions
REF;Matrix Manipulation Functions;REF_Features_matrix_manipulation_functions.html;General Description;matrix manipulation functions
REF;Matrix Manipulation Functions;REF_Features_matrix_manipulation_functions.html;General Description;;matrix manipulation functions
REF;Matrix Manipulation Functions;REF_Features_matrix_manipulation_functions.html;General Description;;matrix manipulations
REF;Numeral to Literal Formatting;REF_Features_numeral_to_literal_conversion_and_formatting.html;General Description;numeral to literal conversion and formatting
REF;Numeral to Literal Formatting;REF_Features_numeral_to_literal_conversion_and_formatting.html;General Description;;Numeral to Literal Formatting Parameters
REF;Numerals;REF_Features_data_types_numerals.html;General Description;data types numerals
REF;Numerals;REF_Features_data_types_numerals.html;General Description;;numeral
REF;Numerals;REF_Features_data_types_numerals.html;General Description;;numerals
REF;Numerals;REF_Features_data_types_numerals.html;General Description;;plain numeral
REF;Numerals;REF_Features_data_types_numerals.html;General Description;;plain numerals
REF;Other Control Flow Functions;REF_Features_Other_Control_Flow_Functions.html;General Description;Other Control Flow Functions
REF;Other Control Flow Functions;REF_Features_Other_Control_Flow_Functions.html;General Description;;Other Control Flow Functions
REF;Parameter Set Functions;REF_Features_parameter_set_functions.html;General Description;parameter set functions
REF;Parameter Set Functions;REF_Features_parameter_set_functions.html;General Description;;parameter set functions
REF;Parameter Set or Literal (Func. Param. Type);REF_Features_parameter_set_or_literal.html;General Description;parameter set or literal
REF;Parameter Set or Literal (Func. Param. Type);REF_Features_parameter_set_or_literal.html;General Description;;parameter set or literal
REF;Parameter Set to Literal Formatting;REF_Features_Parameter_Set_to_literal_conversion_and_formatting.html;General Description;Parameter Set to literal conversion and formatting
REF;Parameter Set to Literal Formatting;REF_Features_Parameter_Set_to_literal_conversion_and_formatting.html;General Description;;Parameter Set to Literal Formatting Parameters
REF;Parameter Types in User-Defined Functions;REF_Features_user_parameter_types.html;General Description;user parameter types
REF;Parameter Types in User-Defined Functions;REF_Features_user_parameter_types.html;General Description;;list of parameter types in user functions
REF;Parameter sets;REF_Features_data_types_parameter_sets.html;General Description;data types parameter sets
REF;Parameter sets;REF_Features_data_types_parameter_sets.html;General Description;;parameter set
REF;Parameter sets;REF_Features_data_types_parameter_sets.html;General Description;;parameter sets
REF;Parameter sets - Extracting Subsets;REF_Features_data_types_parameter_sets_extracting_subsets.html;General Description;data types parameter sets extracting subsets
REF;Parameter sets - Extracting Subsets;REF_Features_data_types_parameter_sets_extracting_subsets.html;General Description;;parameter sets extracting subsets
REF;Parameter sets - Indexing;REF_Features_data_types_parameter_sets_indexing.html;General Description;data types parameter sets indexing
REF;Parameter sets - Indexing;REF_Features_data_types_parameter_sets_indexing.html;General Description;;parameter set indexing
REF;Parameter sets - Indexing;REF_Features_data_types_parameter_sets_indexing.html;General Description;;length of parameter sets
REF;Parameter sets - Value Ranges;REF_Features_data_types_parameter_sets_value_ranges.html;General Description;data types parameter sets value ranges
REF;Parameter sets - Value Ranges;REF_Features_data_types_parameter_sets_value_ranges.html;General Description;;parameter set value ranges
REF;Parameter sets - Value Repetitions;REF_Features_data_types_parameter_sets_value_repetitions.html;General Description;data types parameter sets value repetitions
REF;Parameter sets - Value Repetitions;REF_Features_data_types_parameter_sets_value_repetitions.html;General Description;;parameter set value repetitions
REF;Parameter sets - Value Repetitions;REF_Features_data_types_parameter_sets_value_repetitions.html;General Description;;value repetition
REF;Parameter sets - Value Repetitions;REF_Features_data_types_parameter_sets_value_repetitions.html;General Description;;value repetitions
REF;Path and File Names;REF_Features_path_names.html;General Description;path names
REF;Path and File Names;REF_Features_path_names.html;General Description;;path name
REF;Path and File Names;REF_Features_path_names.html;General Description;;path names
REF;Path and File Names;REF_Features_path_names.html;General Description;;file name
REF;Path and File Names;REF_Features_path_names.html;General Description;;file names
REF;Processing Table Columns;REF_Features_Processing_table_columns.html;General Description;Processing table columns
REF;Processing Table Rows;REF_Features_Processing_table_rows.html;General Description;Processing table rows
REF;Reserved keywords;REF_Features_reserved_keywords.html;General Description;reserved keywords
REF;Reserved keywords;REF_Features_reserved_keywords.html;General Description;;keywords
REF;Saving JSON files;REF_Features_Saving_JSON_files.html;General Description;Saving JSON files
REF;Searching Tables;REF_Features_Searching_tables.html;General Description;Searching tables
REF;Series Functions;REF_Features_series_functions.html;General Description;series functions
REF;Series Functions;REF_Features_series_functions.html;General Description;;series functions
REF;Set Search and Extraction Functions;REF_Features_parameter_set_search_and_extraction.html;General Description;parameter set search and extraction
REF;Set Search and Extraction Functions;REF_Features_parameter_set_search_and_extraction.html;General Description;;parameter set search functions
REF;Set Search and Extraction Functions;REF_Features_parameter_set_search_and_extraction.html;General Description;;parameter set extraction functions
REF;Set console text and background colors;REF_Function_text_color.html;Function Description;text color
REF;Set console text and background colors;REF_Function_text_color.html;Function Description;background colors
REF;Set console text and background colors;REF_Function_text_color.html;Function Description;;font color
REF;Set console text and background colors;REF_Function_text_color.html;Function Description;;foreground color
REF;Set console text and background colors;REF_Function_text_color.html;Function Description;;screen color
REF;Set cursor positions;REF_Function_cursor.html;Function Description;cursor
REF;Set cursor positions;REF_Function_cursor.html;Function Description;;cursor position
REF;Set cursor positions;REF_Function_cursor.html;Function Description;;move cursor
REF;Simple Variables;REF_Features_simple_variables.html;General Description;simple variables
REF;Simple Variables;REF_Features_simple_variables.html;General Description;;simple variables
REF;Simple Variables;REF_Features_simple_variables.html;General Description;;simple variable
REF;Sleep and Wait Functions;REF_Features_sleep_and_wait_functions.html;General Description;sleep and wait functions
REF;Smart Formatting;REF_Features_smart_conversion_and_formatting.html;General Description;smart conversion and formatting
REF;Smart Formatting;REF_Features_smart_conversion_and_formatting.html;General Description;;Smart Formatting Parameters
REF;Smart Formatting;REF_Features_smart_conversion_and_formatting.html;General Description;;smart formatting
REF;Sorting and Ranking Options;REF_Features_Sorting_options.html;General Description;Sorting options
REF;Sorting and Ranking Options;REF_Features_Sorting_options.html;General Description;Ranking options
REF;Start or include Beyond4P Programs;REF_Features_Start_or_include_Beyond4P_Programs.html;General Description;Start or include Beyond4P Programs
REF;Start or include Beyond4P Programs;REF_Features_Start_or_include_Beyond4P_Programs.html;General Description;;start programs
REF;Start or include Beyond4P Programs;REF_Features_Start_or_include_Beyond4P_Programs.html;General Description;;include programs
REF;Starting B4P;REF_Features_starting.html;General Description;starting
REF;Starting B4P;REF_Features_starting.html;General Description;;installing
REF;Starting B4P;REF_Features_starting.html;General Description;;installation
REF;Starting B4P;REF_Features_starting.html;General Description;;starting
REF;Starting B4P;REF_Features_starting.html;General Description;;launching
REF;Statistics Functions;REF_Features_statistics_functions.html;General Description;statistics functions
REF;Statistics Functions;REF_Features_statistics_functions.html;General Description;;statistics functions
REF;Stopwatch Functions;REF_Function_watch_start.html;Function Description;watch start
REF;Stopwatch Functions;REF_Function_watch_start.html;Function Description;watch stop
REF;Stopwatch Functions;REF_Function_watch_start.html;Function Description;watch continue
REF;Stopwatch Functions;REF_Function_watch_start.html;Function Description;watch reset
REF;Stopwatch Functions;REF_Function_watch_start.html;Function Description; watch read
REF;String Functions;REF_Features_string_functions.html;General Description;string functions
REF;String Functions;REF_Features_string_functions.html;General Description;;literal functions
REF;String Functions;REF_Features_string_functions.html;General Description;;string functions
REF;String Search and Extraction Functions;REF_Features_string_search_and_extraction.html;General Description;string search and extraction
REF;String Search and Extraction Functions;REF_Features_string_search_and_extraction.html;General Description;;string search functions
REF;String Search and Extraction Functions;REF_Features_string_search_and_extraction.html;General Description;;string extraction functions
REF;Structures;REF_Features_structures.html;General Description;structures
REF;Structures;REF_Features_structures.html;General Description;;structure
REF;Structures;REF_Features_structures.html;General Description;;structures
REF;Table Columns (Func. Param. Type);REF_Features_Table_columns.html;General Description;Table columns
REF;Table Columns (Func. Param. Type);REF_Features_Table_columns.html;General Description;;table columns as function parameters
REF;Table Columns (Func. Param. Type);REF_Features_Table_columns.html;General Description;;Shifted Table Column Specifications
REF;Table Functions;REF_Features_table_functions.html;General Description;table functions
REF;Table of Contents;REF_Features_Table_of_Contents.html;General Description;Table of Contents
REF;Table of Contents;REF_Features_Table_of_Contents.html;General Description;;Reference Manual
REF;Time and Stopwatch Functions;REF_Features_time_and_stopwatch_functions.html;General Description;time and stopwatch functions
REF;Transcendental Functions;REF_Features_transcendental_functions.html;General Description;transcendental functions
REF;Transcendental Functions;REF_Features_transcendental_functions.html;General Description;;transcendental functions
REF;Trigonometric Functions;REF_Function_sin.html;Function Description;sin
REF;Trigonometric Functions;REF_Function_sin.html;Function Description;sin deg
REF;Trigonometric Functions;REF_Function_sin.html;Function Description;cos
REF;Trigonometric Functions;REF_Function_sin.html;Function Description;cos deg
REF;Trigonometric Functions;REF_Function_sin.html;Function Description;tan
REF;Trigonometric Functions;REF_Function_sin.html;Function Description;tan deg
REF;Trigonometric Functions;REF_Function_sin.html;Function Description;asin
REF;Trigonometric Functions;REF_Function_sin.html;Function Description;asin deg
REF;Trigonometric Functions;REF_Function_sin.html;Function Description;acos
REF;Trigonometric Functions;REF_Function_sin.html;Function Description;acos deg
REF;Trigonometric Functions;REF_Function_sin.html;Function Description;atan
REF;Trigonometric Functions;REF_Function_sin.html;Function Description;atan deg
REF;Trigonometric Functions;REF_Function_sin.html;Function Description;;trigonometric functions
REF;Type Conversion and Formatting Functions;REF_Features_Type_Conversion_Functions.html;General Description;Type Conversion Functions
REF;Type Conversion and Formatting Functions;REF_Features_Type_Conversion_Functions.html;General Description;;type conversion
REF;UNICODE Character Set;REF_Features_UNICODE_character_set.html;General Description;UNICODE character set
REF;UNICODE Character Set;REF_Features_UNICODE_character_set.html;General Description;;UNICODE
REF;UNICODE Character Set;REF_Features_UNICODE_character_set.html;General Description;;character set
REF;User-Defined Procedures and Functions;REF_Features_User_Defined_Procedures_and_Functiions.html;General Description;User Defined Procedures and Functiions
REF;User-Defined Procedures and Functions;REF_Features_User_Defined_Procedures_and_Functiions.html;General Description;;User-defined procedures and functions
REF;User-Defined Procedures and Functions;REF_Features_User_Defined_Procedures_and_Functiions.html;General Description;;user-defined procedures
REF;User-Defined Procedures and Functions;REF_Features_User_Defined_Procedures_and_Functiions.html;General Description;;user-defined functions
REF;User-Defined Procedures and Functions;REF_Features_User_Defined_Procedures_and_Functiions.html;General Description;;user procedures
REF;User-Defined Procedures and Functions;REF_Features_User_Defined_Procedures_and_Functiions.html;General Description;;user functions
REF;Variables;REF_Features_variables.html;General Description;variables
REF;Variables;REF_Features_variables.html;General Description;;variables
REF;Variables;REF_Features_variables.html;General Description;;base variables
REF;Variables;REF_Features_variables.html;General Description;;base variable
REF;Variables;REF_Features_variables.html;General Description;;member variable
REF;Variables;REF_Features_variables.html;General Description;;member variables
REF;Void to Literal Formatting;REF_Features_void_to_literal_conversion_and_formatting.html;General Description;void to literal conversion and formatting
REF;Void to Literal Formatting;REF_Features_void_to_literal_conversion_and_formatting.html;General Description;;Void to Literal Formatting Parameters
REF;Voids;REF_Features_data_types_voids.html;General Description;data types voids
REF;Voids;REF_Features_data_types_voids.html;General Description;;void
REF;Voids;REF_Features_data_types_voids.html;General Description;;voids
REF;Zero Members Variables;REF_Features_zero_members.html;General Description;zero members
REF;Zero Members Variables;REF_Features_zero_members.html;General Description;;zero members
REF;abs - Absolute Value;REF_Function_abs.html;Function Description;abs
REF;abs - Absolute Value;REF_Function_abs.html;Function Description;;absolute value
REF;boolean;REF_Function_boolean.html;Function Description;boolean
REF;boolean;REF_Function_boolean.html;Function Description;;boolean conversion function
REF;break, continue;REF_Function_break_case.html;Function Description;break case
REF;break, continue;REF_Function_break_case.html;Function Description;continue case
REF;break, continue;REF_Function_break_case.html;Function Description;continue with next case
REF;break, continue;REF_Function_break_case.html;Function Description;break loop
REF;break, continue;REF_Function_break_case.html;Function Description;continue loop
REF;break, continue;REF_Function_break_case.html;Function Description;break
REF;break, continue;REF_Function_break_case.html;Function Description;continue
REF;cagr - Compond Annual Growth Rate;REF_Function_cagr.html;Function Description;cagr
REF;cagr - Compond Annual Growth Rate;REF_Function_cagr.html;Function Description;;compound annual growth rate
REF;case;REF_Function_case.html;Function Description;case
REF;chr;REF_Function_chr.html;Function Description;chr
REF;chr;REF_Function_chr.html;Function Description;;character encoding
REF;clean (if) numeral;REF_Function_clean_numeral.html;Function Description;clean numeral
REF;clean (if) numeral;REF_Function_clean_numeral.html;Function Description;clean if numeral
REF;clean (if) numeral;REF_Function_clean_numeral.html;Function Description;;clean numerals
REF;code;REF_Function_code.html;Function Description;code
REF;code;REF_Function_code.html;Function Description;;character decoding
REF;count Functions;REF_Function_count.html;Function Description;count
REF;count Functions;REF_Function_count.html;Function Description;count ignore zero
REF;count Functions;REF_Function_count.html;Function Description;count ignore blanks
REF;count Functions;REF_Function_count.html;Function Description;count ignore both
REF;count Functions;REF_Function_count.html;Function Description;;count functions
REF;count elements ...;REF_Function_count_elements.html;Function Description;count elements
REF;count elements ...;REF_Function_count_elements.html;Function Description;count elements ignore case
REF;count elements ...;REF_Function_count_elements.html;Function Description;count elements ignore blanks
REF;count elements ...;REF_Function_count_elements.html;Function Description;count elements ignore both
REF;count files ...;REF_Function_count_files.html;Function Description;count files
REF;count files ...;REF_Function_count_files.html;Function Description;count files recursive
REF;covariance, correlation;REF_Function_covariance.html;Function Description;covariance
REF;covariance, correlation;REF_Function_covariance.html;Function Description;correlation
REF;covariance, correlation;REF_Function_covariance.html;Function Description;;covariance and correlation
REF;date inside, time inside;REF_Function_date_inside.html;Function Description;date inside
REF;date inside, time inside;REF_Function_date_inside.html;Function Description;time inside
REF;date, pure date, date time;REF_Function_date.html;Function Description;date
REF;date, pure date, date time;REF_Function_date.html;Function Description;pure date
REF;date, pure date, date time;REF_Function_date.html;Function Description;date time
REF;date, pure date, date time;REF_Function_date.html;Function Description;;date conversion functions
REF;day of year;REF_Function_day_of_year.html;Function Description;day of year
REF;decode entities;REF_Function_decode_entities.html;Function Description;decode entities
REF;define additional procedure / function;REF_Function_define_additional_procedure.html;Function Description;define additional procedure
REF;define additional procedure / function;REF_Function_define_additional_procedure.html;Function Description;define additional function
REF;define additional procedure / function;REF_Function_define_additional_procedure.html;Function Description;define additional procedure and function
REF;define additional procedure / function;REF_Function_define_additional_procedure.html;Function Description;;additional function names
REF;define procedure / function;REF_Function_define_procedure.html;Function Description;define procedure
REF;define procedure / function;REF_Function_define_procedure.html;Function Description;define function
REF;define procedure / function;REF_Function_define_procedure.html;Function Description;define procedure and function
REF;define procedure / function;REF_Function_define_procedure.html;Function Description;;defining user procedures and user functions
REF;delete user function;REF_Function_delete_user_function.html;Function Description;delete user function
REF;delete user function;REF_Function_delete_user_function.html;Function Description;;delete user function
REF;diagonal;REF_Function_diagonal.html;Function Description;diagonal
REF;diagonal;REF_Function_diagonal.html;Function Description;;diagonal
REF;directory create ...;REF_Function_directory_create.html;Function Description;directory create
REF;directory create ...;REF_Function_directory_create.html;Function Description;directory create all
REF;directory create ...;REF_Function_directory_create.html;Function Description;directory create silently
REF;directory create ...;REF_Function_directory_create.html;Function Description;;directory create ... Functions
REF;directory delete ...;REF_Function_directory_delete.html;Function Description;directory delete
REF;directory delete ...;REF_Function_directory_delete.html;Function Description;directory delete all
REF;directory delete ...;REF_Function_directory_delete.html;Function Description;directory delete silently
REF;directory delete ...;REF_Function_directory_delete.html;Function Description;;directory delete ... Functions
REF;directory delete multiple/recursive ...;REF_Function_directory_delete_multiple.html;Function Description;directory delete multiple
REF;directory delete multiple/recursive ...;REF_Function_directory_delete_multiple.html;Function Description;directory delete multiple all
REF;directory delete multiple/recursive ...;REF_Function_directory_delete_multiple.html;Function Description;directory delete recursive
REF;directory delete multiple/recursive ...;REF_Function_directory_delete_multiple.html;Function Description;directory delete recursive all
REF;directory delete multiple/recursive ...;REF_Function_directory_delete_multiple.html;Function Description;directory delete recursive if empty
REF;directory delete multiple/recursive ...;REF_Function_directory_delete_multiple.html;Function Description;;directory delete multiple/recursive ... Functions
REF;directory existing, file existing;REF_Function_directory_existing.html;Function Description;directory existing
REF;directory existing, file existing;REF_Function_directory_existing.html;Function Description;file existing
REF;directory listing ...;REF_Function_directory_listing.html;Function Description;directory listing
REF;directory listing ...;REF_Function_directory_listing.html;Function Description;directory listing recursive
REF;directory rename ...;REF_Function_directory_rename.html;Function Description;directory rename
REF;directory rename ...;REF_Function_directory_rename.html;Function Description;directory rename all
REF;directory rename ...;REF_Function_directory_rename.html;Function Description;directory rename silently
REF;directory rename ...;REF_Function_directory_rename.html;Function Description;;directory rename ... Functions
REF;directory size;REF_Function_directory_size.html;Function Description;directory size
REF;discount - Discount Values;REF_Function_discount.html;Function Description;discount
REF;discount - Discount Values;REF_Function_discount.html;Function Description;;discount
REF;disk space ...;REF_Function_disk_space.html;Function Description;disk space
REF;disk space ...;REF_Function_disk_space.html;Function Description;disk space free
REF;distribute - Value Distribution over Timeline;REF_Function_distribute.html;Function Description;distribute
REF;distribute - Value Distribution over Timeline;REF_Function_distribute.html;Function Description;distribute advance
REF;distribute - Value Distribution over Timeline;REF_Function_distribute.html;Function Description;;distribution over timeline
REF;do;REF_Function_do.html;Function Description;do
REF;do;REF_Function_do.html;Function Description;;do-loop
REF;encode entities;REF_Function_encode_entities.html;Function Description;encode entities
REF;even, odd, whole;REF_Function_even.html;Function Description;even
REF;even, odd, whole;REF_Function_even.html;Function Description;odd
REF;even, odd, whole;REF_Function_even.html;Function Description;whole
REF;even, odd, whole;REF_Function_even.html;Function Description;;even numbers
REF;even, odd, whole;REF_Function_even.html;Function Description;;odd numbers
REF;even, odd, whole;REF_Function_even.html;Function Description;;whole numbers
REF;file copy ...;REF_Function_file_copy.html;Function Description;file copy
REF;file copy ...;REF_Function_file_copy.html;Function Description;file copy all
REF;file copy ...;REF_Function_file_copy.html;Function Description;file copy silently
REF;file copy ...;REF_Function_file_copy.html;Function Description;file copy overwrite
REF;file copy ...;REF_Function_file_copy.html;Function Description;file copy overwrite all
REF;file copy ...;REF_Function_file_copy.html;Function Description;file copy overwrite silently
REF;file copy ...;REF_Function_file_copy.html;Function Description;;file copy ... Functions
REF;file copy mulitple/recursive ...;REF_Function_file_copy_multiple.html;Function Description;file copy multiple
REF;file copy mulitple/recursive ...;REF_Function_file_copy_multiple.html;Function Description;file copy multiple all
REF;file copy mulitple/recursive ...;REF_Function_file_copy_multiple.html;Function Description;file copy multiple overwrite
REF;file copy mulitple/recursive ...;REF_Function_file_copy_multiple.html;Function Description;file copy multiple overwrite all
REF;file copy mulitple/recursive ...;REF_Function_file_copy_multiple.html;Function Description;file copy recursive
REF;file copy mulitple/recursive ...;REF_Function_file_copy_multiple.html;Function Description;file copy recursive all
REF;file copy mulitple/recursive ...;REF_Function_file_copy_multiple.html;Function Description;file copy recursive overwrite
REF;file copy mulitple/recursive ...;REF_Function_file_copy_multiple.html;Function Description;file copy recursive overwrite all
REF;file copy mulitple/recursive ...;REF_Function_file_copy_multiple.html;Function Description;;file copy multiple/recursive ... Functions
REF;file create link ...;REF_Function_file_create_link.html;Function Description;file create link
REF;file create link ...;REF_Function_file_create_link.html;Function Description;file create link all
REF;file create link ...;REF_Function_file_create_link.html;Function Description;file create link silently
REF;file create link ...;REF_Function_file_create_link.html;Function Description;;file create link ... Functions
REF;file delete ...;REF_Function_file_delete.html;Function Description;file delete
REF;file delete ...;REF_Function_file_delete.html;Function Description;file delete all
REF;file delete ...;REF_Function_file_delete.html;Function Description;file delete silently
REF;file delete ...;REF_Function_file_delete.html;Function Description;;file delete ... Functions
REF;file delete multiple/recursive ...;REF_Function_file_delete_multiple.html;Function Description;file delete multiple
REF;file delete multiple/recursive ...;REF_Function_file_delete_multiple.html;Function Description;file delete multiple all
REF;file delete multiple/recursive ...;REF_Function_file_delete_multiple.html;Function Description;file delete recursive
REF;file delete multiple/recursive ...;REF_Function_file_delete_multiple.html;Function Description;file delete recursive all
REF;file delete multiple/recursive ...;REF_Function_file_delete_multiple.html;Function Description;;file delete multiple/recursive ... Functions
REF;file download ...;REF_Function_file_download.html;Function Description;file download
REF;file download ...;REF_Function_file_download.html;Function Description;file download all
REF;file download ...;REF_Function_file_download.html;Function Description;file download silently
REF;file download ...;REF_Function_file_download.html;Function Description;file download overwrite
REF;file download ...;REF_Function_file_download.html;Function Description;file download overwrite all
REF;file download ...;REF_Function_file_download.html;Function Description;file download overwrite silently
REF;file download ...;REF_Function_file_download.html;Function Description;;file download ... Functions
REF;file rename ...;REF_Function_file_rename.html;Function Description;file rename
REF;file rename ...;REF_Function_file_rename.html;Function Description;file rename all
REF;file rename ...;REF_Function_file_rename.html;Function Description;file rename silently
REF;file rename ...;REF_Function_file_rename.html;Function Description;;file rename ... Functions
REF;file size;REF_Function_file_size.html;Function Description;file size
REF;filter ...;REF_Function_filter.html;Function Description;filter
REF;filter ...;REF_Function_filter.html;Function Description;filter 1
REF;filter ...;REF_Function_filter.html;Function Description;filter n
REF;filter ...;REF_Function_filter.html;Function Description;filter start
REF;filter ...;REF_Function_filter.html;Function Description;filter start include
REF;filter ...;REF_Function_filter.html;Function Description;filter start n
REF;filter ...;REF_Function_filter.html;Function Description;filter start n include
REF;filter ...;REF_Function_filter.html;Function Description;filter stop
REF;filter ...;REF_Function_filter.html;Function Description;filter stop include
REF;find ... (parameter set function);REF_Function_find_.html;Function Description;find 
REF;find ... (parameter set function);REF_Function_find_.html;Function Description;find ignore case 
REF;find ... (parameter set function);REF_Function_find_.html;Function Description;find ignore blanks 
REF;find ... (parameter set function);REF_Function_find_.html;Function Description;find ignore both 
REF;find ... (parameter set function);REF_Function_find_.html;Function Description;;find (parameter set function)
REF;find ... (parameter set function);REF_Function_find_.html;Function Description;;find [parameter set function]
REF;find ... (string function);REF_Function_find.html;Function Description;find
REF;find ... (string function);REF_Function_find.html;Function Description;find ignore case
REF;find ... (string function);REF_Function_find.html;Function Description;find ignore blanks
REF;find ... (string function);REF_Function_find.html;Function Description;find ignore both
REF;find ... (string function);REF_Function_find.html;Function Description;;find (string function)
REF;find ... (string function);REF_Function_find.html;Function Description;;find [string function]
REF;flat;REF_Function_flat.html;Function Description;flat
REF;flat;REF_Function_flat.html;Function Description;;flat
REF;for;REF_Function_for.html;Function Description;for
REF;for;REF_Function_for.html;Function Description;;for-loop
REF;for all current table columns;REF_Function_for_all_current_table_columns.html;Function Description;for all current table columns
REF;for all current table columns;REF_Function_for_all_current_table_columns.html;Function Description;;for-loop through current table columns
REF;for all current table selected columns;REF_Function_for_all_current_table_selected_columns.html;Function Description;for all current table selected columns
REF;for all current table selected columns;REF_Function_for_all_current_table_selected_columns.html;Function Description;;for-loop through table selected columns
REF;for all parameters;REF_Function_for_all_parameters.html;Function Description;for all parameters
REF;for all parameters;REF_Function_for_all_parameters.html;Function Description;;for-loop through parameter elements
REF;for all parameters;REF_Function_for_all_parameters.html;Function Description;;parameter set
REF;for all table columns;REF_Function_for_all_table_columns.html;Function Description;for all table columns
REF;for all table columns;REF_Function_for_all_table_columns.html;Function Description;;for-loop through table columns
REF;for all table rows;REF_Function_for_all_table_rows.html;Function Description;for all table rows
REF;for all table rows;REF_Function_for_all_table_rows.html;Function Description;;for-loop through table rows
REF;for all table selected columns;REF_Function_for_all_table_selected_columns.html;Function Description;for all table selected columns
REF;for all table selected columns;REF_Function_for_all_table_selected_columns.html;Function Description;;for-loop through table selected columns
REF;for all table selected rows;REF_Function_for_all_table_selected_rows.html;Function Description;for all table selected rows
REF;for all table selected rows;REF_Function_for_all_table_selected_rows.html;Function Description;;for-loop through selected table rows
REF;for all variables;REF_Function_for_all_variables.html;Function Description;for all variables
REF;for all variables;REF_Function_for_all_variables.html;Function Description;for all variables if existing
REF;for all variables;REF_Function_for_all_variables.html;Function Description;;for-loop through variables
REF;for all variables;REF_Function_for_all_variables.html;Function Description;;variable members
REF;forget memorized table columns;REF_Function_forget_memorized_table_columns.html;Function Description;forget memorized table columns
REF;function / user function existing;REF_Function_function_existing.html;Function Description;function existing
REF;function / user function existing;REF_Function_function_existing.html;Function Description;user function existing
REF;function / user function existing;REF_Function_function_existing.html;Function Description;;function existing
REF;get differences;REF_Function_get_differences.html;Function Description;get differences
REF;gini Coefficient Functions;REF_Function_gini.html;Function Description;gini
REF;gini Coefficient Functions;REF_Function_gini.html;Function Description;gini ignore blanks
REF;gini Coefficient Functions;REF_Function_gini.html;Function Description;gini ignore zero
REF;gini Coefficient Functions;REF_Function_gini.html;Function Description;;gini coefficient
REF;gini Coefficient Functions;REF_Function_gini.html;Function Description;;income disparity
REF;horizontal;REF_Function_horizontal.html;Function Description;horizontal
REF;horizontal;REF_Function_horizontal.html;Function Description;;horizontal
REF;hour, minute, second;REF_Function_hour.html;Function Description;hour
REF;hour, minute, second;REF_Function_hour.html;Function Description;minute
REF;hour, minute, second;REF_Function_hour.html;Function Description;second
REF;hour, minute, second;REF_Function_hour.html;Function Description;;Time Info Functions
REF;if, unless;REF_Function_if.html;Function Description;if
REF;if, unless;REF_Function_if.html;Function Description;unless
REF;if, unless;REF_Function_if.html;Function Description;;conditional branches
REF;include - Function;REF_Function_include.html;Function Description;include
REF;include - Function;REF_Function_include.html;Function Description;;include B4P program
REF;include - Function;REF_Function_include.html;Function Description;;include library
REF;include - Function;REF_Function_include.html;Function Description;;include libraries
REF;irr - Internal Rate of Return;REF_Function_irr.html;Function Description;irr
REF;irr - Internal Rate of Return;REF_Function_irr.html;Function Description;;irr
REF;is numeric / integer - Functions;REF_Function_is_numeric.html;Function Description;is numeric
REF;is numeric / integer - Functions;REF_Function_is_numeric.html;Function Description;is integer
REF;is numeric / integer - Functions;REF_Function_is_numeric.html;Function Description;is numeric or blank
REF;is numeric / integer - Functions;REF_Function_is_numeric.html;Function Description;is integer or blank
REF;is numeric / integer - Functions;REF_Function_is_numeric.html;Function Description;is strictly numeric
REF;is numeric / integer - Functions;REF_Function_is_numeric.html;Function Description;is strictly integer
REF;is numeric / integer - Functions;REF_Function_is_numeric.html;Function Description;is strictly numeric or blank
REF;is numeric / integer - Functions;REF_Function_is_numeric.html;Function Description;is strictly integer or blank
REF;is numeric / integer - Functions;REF_Function_is_numeric.html;Function Description;;checking numbers
REF;join ...;REF_Function_join.html;Function Description;join
REF;join ...;REF_Function_join.html;Function Description;join ignore blanks
REF;join ...;REF_Function_join.html;Function Description;join unique
REF;join ...;REF_Function_join.html;Function Description;join unique ignore blanks
REF;left ... (parameter set function);REF_Function_left_.html;Function Description;left 
REF;left ... (parameter set function);REF_Function_left_.html;Function Description;left include 
REF;left ... (parameter set function);REF_Function_left_.html;Function Description;left last match 
REF;left ... (parameter set function);REF_Function_left_.html;Function Description;left last match include 
REF;left ... (parameter set function);REF_Function_left_.html;Function Description;;left (parameter set function)
REF;left ... (parameter set function);REF_Function_left_.html;Function Description;;left [parameter set function]
REF;left ... (string function);REF_Function_left.html;Function Description;left
REF;left ... (string function);REF_Function_left.html;Function Description;left include
REF;left ... (string function);REF_Function_left.html;Function Description;left last match
REF;left ... (string function);REF_Function_left.html;Function Description;left last match include
REF;left ... (string function);REF_Function_left.html;Function Description;;left (string function)
REF;left ... (string function);REF_Function_left.html;Function Description;;left [string function]
REF;length ... (parameter set function);REF_Function_length_.html;Function Description;length 
REF;length ... (parameter set function);REF_Function_length_.html;Function Description;;length (parameter set function)
REF;length ... (parameter set function);REF_Function_length_.html;Function Description;;length [parameter set function]
REF;length ... (string function);REF_Function_length.html;Function Description;length
REF;length ... (string function);REF_Function_length.html;Function Description;;length (string function)
REF;length ... (string function);REF_Function_length.html;Function Description;;length [string function]
REF;linear - Solve Linear Equations;REF_Function_linear.html;Function Description;linear
REF;linear - Solve Linear Equations;REF_Function_linear.html;Function Description;;linear equation
REF;literal, quoted literal, softquoted literal;REF_Function_literal.html;Function Description;literal
REF;literal, quoted literal, softquoted literal;REF_Function_literal.html;Function Description;softquoted literal
REF;literal, quoted literal, softquoted literal;REF_Function_literal.html;Function Description;;literal conversion
REF;literal, quoted literal, softquoted literal;REF_Function_literal.html;Function Description;;formatting template
REF;literal, quoted literal, softquoted literal;REF_Function_literal.html;Function Description;;literal conversion functions
REF;locate differences;REF_Function_locate_differences.html;Function Description;locate differences
REF;mdet - Matrix Determinant;REF_Function_mdet.html;Function Description;mdet
REF;mdet - Matrix Determinant;REF_Function_mdet.html;Function Description;;matrix determinant
REF;middle ... (parameter set function);REF_Function_middle_.html;Function Description;middle 
REF;middle ... (parameter set function);REF_Function_middle_.html;Function Description;middle include 
REF;middle ... (parameter set function);REF_Function_middle_.html;Function Description;middle until 
REF;middle ... (parameter set function);REF_Function_middle_.html;Function Description;middle until include 
REF;middle ... (parameter set function);REF_Function_middle_.html;Function Description;;middle (parameter set function)
REF;middle ... (parameter set function);REF_Function_middle_.html;Function Description;;middle [parameter set function]
REF;middle ... (string function);REF_Function_middle.html;Function Description;middle
REF;middle ... (string function);REF_Function_middle.html;Function Description;middle include
REF;middle ... (string function);REF_Function_middle.html;Function Description;middle until
REF;middle ... (string function);REF_Function_middle.html;Function Description;middle until include
REF;middle ... (string function);REF_Function_middle.html;Function Description;;middle (string function)
REF;middle ... (string function);REF_Function_middle.html;Function Description;;middle [string function]
REF;min, max Functions;REF_Function_min.html;Function Description;min
REF;min, max Functions;REF_Function_min.html;Function Description;max ignore zero
REF;min, max Functions;REF_Function_min.html;Function Description;min ignore blanks
REF;min, max Functions;REF_Function_min.html;Function Description;max
REF;min, max Functions;REF_Function_min.html;Function Description;max ignore zero
REF;min, max Functions;REF_Function_min.html;Function Description;max ignore blanks
REF;min, max Functions;REF_Function_min.html;Function Description;;min and max functions
REF;min, max Functions on Literals;REF_Function_min_abc.html;Function Description;min abc
REF;min, max Functions on Literals;REF_Function_min_abc.html;Function Description;max abc
REF;min, max Functions on Literals;REF_Function_min_abc.html;Function Description;min abc ignore blanks
REF;min, max Functions on Literals;REF_Function_min_abc.html;Function Description;min abc ignore case
REF;min, max Functions on Literals;REF_Function_min_abc.html;Function Description;max abc ignore case
REF;min, max Functions on Literals;REF_Function_min_abc.html;Function Description;min abc ignore both
REF;min, max Functions on Literals;REF_Function_min_abc.html;Function Description;min literal
REF;min, max Functions on Literals;REF_Function_min_abc.html;Function Description;max literal
REF;min, max Functions on Literals;REF_Function_min_abc.html;Function Description;min literal ignore blanks
REF;min, max Functions on Literals;REF_Function_min_abc.html;Function Description;min literal ignore case
REF;min, max Functions on Literals;REF_Function_min_abc.html;Function Description;max literal ignore case
REF;min, max Functions on Literals;REF_Function_min_abc.html;Function Description;min literal ignore both
REF;min, max Functions on Literals;REF_Function_min_abc.html;Function Description;;min and max functions on literals
REF;min, max Functions on Numerals;REF_Function_min_123.html;Function Description;min 123
REF;min, max Functions on Numerals;REF_Function_min_123.html;Function Description;max 123
REF;min, max Functions on Numerals;REF_Function_min_123.html;Function Description;min 123 ignore zero
REF;min, max Functions on Numerals;REF_Function_min_123.html;Function Description;max 124 ignore zero
REF;min, max Functions on Numerals;REF_Function_min_123.html;Function Description;min numeral
REF;min, max Functions on Numerals;REF_Function_min_123.html;Function Description;max numeral
REF;min, max Functions on Numerals;REF_Function_min_123.html;Function Description;min numeral ignore zero
REF;min, max Functions on Numerals;REF_Function_min_123.html;Function Description;max numeral ignore zero
REF;min, max Functions on Numerals;REF_Function_min_123.html;Function Description;;min and max functions on numerals
REF;minv - Matrix Inversion;REF_Function_minv.html;Function Description;minv
REF;minv - Matrix Inversion;REF_Function_minv.html;Function Description;;matrix inversion
REF;mmul, mmdiv - Multiplication and Division;REF_Function_mmul.html;Function Description;mmul
REF;mmul, mmdiv - Multiplication and Division;REF_Function_mmul.html;Function Description;mdiv
REF;mmul, mmdiv - Multiplication and Division;REF_Function_mmul.html;Function Description;;matrix multiplication
REF;mmul, mmdiv - Multiplication and Division;REF_Function_mmul.html;Function Description;;matrix division
REF;mod - Modulo function;REF_Function_mod.html;Function Description;mod
REF;mod - Modulo function;REF_Function_mod.html;Function Description;;modulo
REF;null - Function;REF_Function_null.html;Function Description;null
REF;null - Function;REF_Function_null.html;Function Description;;null function
REF;numeral;REF_Function_numeral.html;Function Description;numeral
REF;numeral;REF_Function_numeral.html;Function Description;;numeral conversion function
REF;once;REF_Function_once.html;Function Description;once
REF;once;REF_Function_once.html;Function Description;;one-time execution
REF;outside ... (parameter set function);REF_Function_outside_.html;Function Description;outside 
REF;outside ... (parameter set function);REF_Function_outside_.html;Function Description;outside exclude 
REF;outside ... (parameter set function);REF_Function_outside_.html;Function Description;outside until 
REF;outside ... (parameter set function);REF_Function_outside_.html;Function Description;outside until exclude 
REF;outside ... (parameter set function);REF_Function_outside_.html;Function Description;;outside (parameter set function)
REF;outside ... (parameter set function);REF_Function_outside_.html;Function Description;;outside [parameter set function]
REF;outside ... (string function);REF_Function_outside.html;Function Description;outside
REF;outside ... (string function);REF_Function_outside.html;Function Description;outside exclude
REF;outside ... (string function);REF_Function_outside.html;Function Description;outside until
REF;outside ... (string function);REF_Function_outside.html;Function Description;outside until exclude
REF;outside ... (string function);REF_Function_outside.html;Function Description;;outside (string function)
REF;outside ... (string function);REF_Function_outside.html;Function Description;;outside [string function]
REF;parameter set;REF_Function_parameter_set.html;Function Description;parameter set
REF;parameter set;REF_Function_parameter_set.html;Function Description;;parameter set conversion function
REF;pow - Power Function;REF_Function_pow.html;Function Description;pow
REF;pow - Power Function;REF_Function_pow.html;Function Description;;power function
REF;random - Random Integers;REF_Function_random.html;Function Description;random
REF;random - Random Integers;REF_Function_random.html;Function Description;;random
REF;read access ..., write access ...;REF_Function_read_access.html;Function Description;read access
REF;read access ..., write access ...;REF_Function_read_access.html;Function Description;read access repeat if locked
REF;read access ..., write access ...;REF_Function_read_access.html;Function Description;write access
REF;read access ..., write access ...;REF_Function_read_access.html;Function Description;write access repeat if locked
REF;replace, replace all;REF_Function_replace.html;Function Description;replace
REF;replace, replace all;REF_Function_replace.html;Function Description;replace all
REF;reschedule;REF_Function_reschedule.html;Function Description;reschedule
REF;resolve path/directory/file name;REF_Function_resolve_path_name.html;Function Description;resolve path name
REF;resolve path/directory/file name;REF_Function_resolve_path_name.html;Function Description;resolve directory name
REF;resolve path/directory/file name;REF_Function_resolve_path_name.html;Function Description;resolve file name
REF;return;REF_Function_return.html;Function Description;return
REF;right ... (parameter set function);REF_Function_right_.html;Function Description;right 
REF;right ... (parameter set function);REF_Function_right_.html;Function Description;right include 
REF;right ... (parameter set function);REF_Function_right_.html;Function Description;right last match 
REF;right ... (parameter set function);REF_Function_right_.html;Function Description;right last match include 
REF;right ... (parameter set function);REF_Function_right_.html;Function Description;;right (parameter set function)
REF;right ... (parameter set function);REF_Function_right_.html;Function Description;;right [parameter set function]
REF;right ... (string function);REF_Function_right.html;Function Description;right
REF;right ... (string function);REF_Function_right.html;Function Description;right include
REF;right ... (string function);REF_Function_right.html;Function Description;right last match
REF;right ... (string function);REF_Function_right.html;Function Description;right last match include
REF;right ... (string function);REF_Function_right.html;Function Description;;right (string function)
REF;right ... (string function);REF_Function_right.html;Function Description;;right [string function]
REF;round, round up / down;REF_Function_round.html;Function Description;round
REF;round, round up / down;REF_Function_round.html;Function Description;round up
REF;round, round up / down;REF_Function_round.html;Function Description;round down
REF;round, round up / down;REF_Function_round.html;Function Description;;rounding functions
REF;row;REF_Function_row.html;Function Description;row
REF;search files ...;REF_Function_search_files.html;Function Description;search files
REF;search files ...;REF_Function_search_files.html;Function Description;search files recursive
REF;serial date;REF_Function_serial_date.html;Function Description;serial date
REF;serial date;REF_Function_serial_date.html;Function Description;;date info functions
REF;sleep until, sleep until countdown;REF_Function_sleep_until.html;Function Description;sleep until
REF;sleep until, sleep until countdown;REF_Function_sleep_until.html;Function Description;sleep until countdown
REF;sleep, sleep countdown;REF_Function_sleep.html;Function Description;sleep
REF;sleep, sleep countdown;REF_Function_sleep.html;Function Description;sleep countdown
REF;smart (if) numeral;REF_Function_smart_numeral.html;Function Description;smart numeral
REF;smart (if) numeral;REF_Function_smart_numeral.html;Function Description;smart if numeral
REF;smart (if) numeral;REF_Function_smart_numeral.html;Function Description;;smart numerals
REF;sqrt - Square Root;REF_Function_sqrt.html;Function Description;sqrt
REF;sqrt - Square Root;REF_Function_sqrt.html;Function Description;;Square Root
REF;start - Function;REF_Function_start.html;Function Description;start
REF;start - Function;REF_Function_start.html;Function Description;;start B4P program
REF;starting directory;REF_Function_starting_directory.html;Function Description;starting directory
REF;subset ...;REF_Function_subset.html;Function Description;subset
REF;subset ...;REF_Function_subset.html;Function Description;subset ignore case
REF;subset ...;REF_Function_subset.html;Function Description;subset ignore blanks
REF;subset ...;REF_Function_subset.html;Function Description;subset ignore both
REF;subset ...;REF_Function_subset.html;Function Description;subset recursive
REF;subset ...;REF_Function_subset.html;Function Description;subset recursive ignore case
REF;subset ...;REF_Function_subset.html;Function Description;subset recursive ignore blanks
REF;subset ...;REF_Function_subset.html;Function Description;subset recursive ignore both
REF;substitute, substitute all;REF_Function_substitute.html;Function Description;substitute
REF;substitute, substitute all;REF_Function_substitute.html;Function Description;substitute all
REF;switch, check;REF_Function_switch.html;Function Description;switch
REF;switch, check;REF_Function_switch.html;Function Description;check
REF;switch, check;REF_Function_switch.html;Function Description;;alternative execution of code blocks
REF;table append blank rows;REF_Function_table_append_blank_rows.html;Function Description;table append blank rows
REF;table check header;REF_Function_table_check_header.html;Function Description;table check header
REF;table check headers ...;REF_Function_table_check_headers.html;Function Description;table check headers
REF;table check headers ...;REF_Function_table_check_headers.html;Function Description;table check headers silently
REF;table check row;REF_Function_table_check_row.html;Function Description;table check row
REF;table clear ...;REF_Function_table_clear.html;Function Description;table clear
REF;table column number;REF_Function_table_column_number.html;Function Description;table column number
REF;table configure;REF_Function_table_configure.html;Function Description;table configure
REF;table copy columns ...;REF_Function_table_copy_columns.html;Function Description;table copy columns
REF;table copy columns ...;REF_Function_table_copy_columns.html;Function Description;table copy columns selected rows
REF;table correct headers ...;REF_Function_table_correct_headers.html;Function Description;table correct headers
REF;table correct headers ...;REF_Function_table_correct_headers.html;Function Description;table correct headers ignore case
REF;table create ...;REF_Function_table_create.html;Function Description;table create
REF;table create ...;REF_Function_table_create.html;Function Description;table create if not existing
REF;table delete ...;REF_Function_table_delete.html;Function Description;table delete
REF;table delete ...;REF_Function_table_delete.html;Function Description;table delete silently
REF;table delete blank rows;REF_Function_table_delete_blank_rows.html;Function Description;table delete blank rows
REF;table delete blank/empty/unnamed columns;REF_Function_table_delete_blank_columns.html;Function Description;table delete blank columns
REF;table delete blank/empty/unnamed columns;REF_Function_table_delete_blank_columns.html;Function Description;table delete all blank columns
REF;table delete blank/empty/unnamed columns;REF_Function_table_delete_blank_columns.html;Function Description;table delete empty columns
REF;table delete blank/empty/unnamed columns;REF_Function_table_delete_blank_columns.html;Function Description;table delete all empty columns
REF;table delete blank/empty/unnamed columns;REF_Function_table_delete_blank_columns.html;Function Description;table delete unnamed columns
REF;table delete blank/empty/unnamed columns;REF_Function_table_delete_blank_columns.html;Function Description;table delete all unnamed columns
REF;table delete columns;REF_Function_table_delete_columns.html;Function Description;table delete columns
REF;table delete remaining columns;REF_Function_table_delete_remaining_columns.html;Function Description;table delete remaining columns
REF;table delete remaining rows;REF_Function_table_delete_remaining_rows.html;Function Description;table delete remaining rows
REF;table delete rows;REF_Function_table_delete_rows.html;Function Description;table delete rows
REF;table delete selected rows;REF_Function_table_delete_selected_rows.html;Function Description;table delete selected rows
REF;table duplicate columns ...;REF_Function_table_duplicate_columns.html;Function Description;table duplicate columns
REF;table existing;REF_Function_table_existing.html;Function Description;table existing
REF;table initialize/append ...;REF_Function_table_initialize.html;Function Description;table initialize
REF;table initialize/append ...;REF_Function_table_initialize.html;Function Description;table append
REF;table initialize/append ...;REF_Function_table_initialize.html;Function Description;table append on same row
REF;table initialize/append ...;REF_Function_table_initialize.html;Function Description;table append on same field
REF;table insert (missing) columns;REF_Function_table_insert_columns.html;Function Description;table insert columns
REF;table insert (missing) columns;REF_Function_table_insert_columns.html;Function Description;table insert missing columns
REF;table insert ... selected rows;REF_Function_table_insert_selected_rows.html;Function Description;table insert selected rows
REF;table insert ... selected rows;REF_Function_table_insert_selected_rows.html;Function Description;table insert above selected rows
REF;table insert rows;REF_Function_table_insert_rows.html;Function Description;table insert rows
REF;table keep ... columns;REF_Function_table_keep_columns.html;Function Description;table keep columns
REF;table keep ... columns;REF_Function_table_keep_columns.html;Function Description;table keep existing columns
REF;table keep selected rows;REF_Function_table_keep_selected_rows.html;Function Description;table keep selected rows
REF;table length;REF_Function_table_length.html;Function Description;table length
REF;table lift ...;REF_Function_table_lift_header_row.html;Function Description;table lift header row
REF;table lift ...;REF_Function_table_lift_header_row.html;Function Description;table lift headers
REF;table lift ...;REF_Function_table_lift_header_row.html;Function Description;table lift contents
REF;table load ...;REF_Function_table_load.html;Function Description;table load
REF;table load ...;REF_Function_table_load.html;Function Description;table load unchanged
REF;table min/max width;REF_Function_table_min_width.html;Function Description;table min width
REF;table min/max width;REF_Function_table_min_width.html;Function Description;table max width
REF;table rank (selected) rows;REF_Function_table_rank_rows.html;Function Description;table rank rows
REF;table rank (selected) rows;REF_Function_table_rank_rows.html;Function Description;table rank selected rows
REF;table read column selected rows;REF_Function_table_read_column_selected_rows.html;Function Description;table read column selected rows
REF;table rearrange ... columns;REF_Function_table_rearrange_columns.html;Function Description;table rearrange columns
REF;table rearrange ... columns;REF_Function_table_rearrange_columns.html;Function Description;table rearrange existing columns
REF;table rearrange selected rows;REF_Function_table_rearrange_selected_rows.html;Function Description;table rearrange selected rows
REF;table rename ... headers;REF_Function_table_rename_headers.html;Function Description;table rename headers
REF;table rename ... headers;REF_Function_table_rename_headers.html;Function Description;table rename column headers
REF;table rename ... headers;REF_Function_table_rename_headers.html;Function Description;table rename existing headers
REF;table row width;REF_Function_table_row_width.html;Function Description;table row width
REF;table save ...;REF_Function_table_save.html;Function Description;table save
REF;table save ...;REF_Function_table_save.html;Function Description;table save with local decimal separator
REF;table save ...;REF_Function_table_save.html;Function Description;table save with decimal comma
REF;table save ...;REF_Function_table_save.html;Function Description;table save multiple
REF;table search ...;REF_Function_table_search.html;Function Description;table search
REF;table search ...;REF_Function_table_search.html;Function Description;table search vertically
REF;table search header row;REF_Function_table_search_header_row.html;Function Description;table search header row
REF;table search row;REF_Function_table_search_row.html;Function Description;table search row
REF;table selected columns/headers ...;REF_Function_table_selected_columns.html;Function Description;table selected columns
REF;table selected columns/headers ...;REF_Function_table_selected_columns.html;Function Description;table selected column numbers
REF;table selected columns/headers ...;REF_Function_table_selected_columns.html;Function Description;table selected headers
REF;table selected rows;REF_Function_table_selected_rows.html;Function Description;table selected rows
REF;table sort (selected) rows;REF_Function_table_sort_rows.html;Function Description;table sort rows
REF;table sort (selected) rows;REF_Function_table_sort_rows.html;Function Description;table sort selected rows
REF;table sort columns;REF_Function_table_sort_columns.html;Function Description;table sort columns
REF;table write column selected rows;REF_Function_table_write_column_selected_rows.html;Function Description;table write column selected rows
REF;time, pure time;REF_Function_time.html;Function Description;time
REF;time, pure time;REF_Function_time.html;Function Description;pure time
REF;time, pure time;REF_Function_time.html;Function Description;;time conversion functions
REF;transpose;REF_Function_transpose.html;Function Description;transpose
REF;transpose;REF_Function_transpose.html;Function Description;;transpose matrix
REF;transpose;REF_Function_transpose.html;Function Description;;transpose matrices
REF;trim ... (parameter set function);REF_Function_trim_.html;Function Description;trim 
REF;trim ... (parameter set function);REF_Function_trim_.html;Function Description;;trim (parameter set function)
REF;trim ... (parameter set function);REF_Function_trim_.html;Function Description;;trim [parameter set function]
REF;trim ... (string function);REF_Function_trim.html;Function Description;trim
REF;trim ... (string function);REF_Function_trim.html;Function Description;trim all
REF;trim ... (string function);REF_Function_trim.html;Function Description;;trim (string function)
REF;trim ... (string function);REF_Function_trim.html;Function Description;;trim [string function]
REF;tv - Terminal Value;REF_Function_tv.html;Function Description;tv
REF;tv - Terminal Value;REF_Function_tv.html;Function Description;;tv
REF;type, type detailed;REF_Function_type.html;Function Description;type
REF;type, type detailed;REF_Function_type.html;Function Description;typd detailed
REF;type, type detailed;REF_Function_type.html;Function Description;;Identify variable types
REF;vertical;REF_Function_vertical.html;Function Description;vertical
REF;vertical;REF_Function_vertical.html;Function Description;;vertical
REF;wait until, wait until countdown;REF_Function_wait_until.html;Function Description;wait until
REF;wait until, wait until countdown;REF_Function_wait_until.html;Function Description;wait until countdown
REF;wait, wait countdown;REF_Function_wait.html;Function Description;wait
REF;wait, wait countdown;REF_Function_wait.html;Function Description;wait countdown
REF;week;REF_Function_week.html;Function Description;week
REF;weekday;REF_Function_weekday.html;Function Description;weekday
REF;weekday;REF_Function_weekday.html;Function Description;;weekday from date
REF;while, until;REF_Function_while.html;Function Description;while
REF;while, until;REF_Function_while.html;Function Description;until
REF;while, until;REF_Function_while.html;Function Description;;Loops
REF;with table;REF_Function_with_table.html;Function Description;with table
REF;with table;REF_Function_with_table.html;Function Description;;partial table specification
REF;working directory;REF_Function_working_directory.html;Function Description;working directory
REF;year, quarter, month, day;REF_Function_year.html;Function Description;year
REF;year, quarter, month, day;REF_Function_year.html;Function Description;quarter
REF;year, quarter, month, day;REF_Function_year.html;Function Description;month
REF;year, quarter, month, day;REF_Function_year.html;Function Description;day
REF;year, quarter, month, day;REF_Function_year.html;Function Description;;Date info functions
MAS;Welcome to B4P;MAS_Features_Table_of_Contents.html;General Description;Table of Contents
GUI;Access PDF documentation;GUI_Features_access_pdf_docs.html;General Description;access pdf docs
GUI;Access web documentation;GUI_Features_access_web_docs.html;General Description;access web docs
GUI;B4P Concepts;GUI_Features_B4P_concepts.html;General Description;B4P concepts
GUI;B4P Program Examples;GUI_Features_B4P_Program_Examples.html;General Description;B4P Program Examples
GUI;Benefits and Features;GUI_Features_features_and_benefits.html;General Description;features and benefits
GUI;Benefits and Features;GUI_Features_features_and_benefits.html;General Description;;B4P features
GUI;Benefits and Features;GUI_Features_features_and_benefits.html;General Description;;B4P benefits
GUI;Example - Analyzing data from web;GUI_Features_B4P_example_analzing_data_from_web.html;General Description;B4P example analzing data from web
GUI;Example - Consolidating data from mulitple spreadsheets;GUI_Features_B4P_example_consolidating_data.html;General Description;B4P example consolidating data
GUI;Getting Help;GUI_Features_Getting_started.html;General Description;Getting started
GUI;Getting Started;GUI_Features_Getting_started.html;General Description;Getting started
GUI;Installation and Setup;GUI_Features_Installation_and_Setup.html;General Description;Installation and Setup
GUI;Interactive Mode - Help Options;GUI_Features_Interactive_mode_help_options.html;General Description;Interactive mode help options
GUI;Interactive Mode Workflow;GUI_Features_Interactive_mode_workflow.html;General Description;Interactive mode workflow
GUI;Introduction to Programming in B4P;GUI_Features_Introduction_to_programming_in_B4P.html;General Description;Introduction to programming in B4P
GUI;Linux;GUI_Features_Installation_on_Linux.html;General Description;Installation on Linux
GUI;MacOS;GUI_Features_Installation_on_MacOS.html;General Description;Installation on MacOS
GUI;Overview;GUI_Features_overview.html;General Description;overview
GUI;Overview;GUI_Features_overview.html;General Description;;general overview
GUI;Post-Installation Optimization;GUI_Features_Post_Installation_Optimization.html;General Description;Post Installation Optimization
GUI;Programming Mode Workflow;GUI_Features_Programming_mode_workflow.html;General Description;Programming mode workflow
GUI;Table of Contents;GUI_Features_Table_of_Contents.html;General Description;Table of Contents
GUI;Table of Contents;GUI_Features_Table_of_Contents.html;General Description;;User Guide
GUI;Tutorials;GUI_Features_Tutorials.html;General Description;Tutorials
GUI;Use Cases;GUI_Features_use_cases.html;General Description;use cases
GUI;What is B4P?;GUI_Features_what_is_B4P.html;General Description;what is B4P
GUI;What is B4P?;GUI_Features_what_is_B4P.html;General Description;;B4P anatomy
GUI;Windows;GUI_Features_Installation_on_Windows.html;General Description;Installation on Windows
